start,end
1747683344,1747683396
1747683344,1747683364
1747683345,1747683542
1747683348,1747683785
1747683345,1747683550
1747683345,1747683503
1747683345,1747683561
1747683345,1747683522
1747683345,1747683525
1747683345,1747683564
1747683346,1747683569
1747683345,1747683572
1747683346,1747683565
1747683344,1747683392
1747683346,1747683639
1747683346,1747683652
1747683346,1747683651
1747683346,1747683659
1747683346,1747683648
1747683346,1747683647
1747683345,1747683503
1747683346,1747683659
1747683349,1747683889
1747683345,1747683553
1747683344,1747683402
1747683346,1747683662
1747683345,1747683551
1747683347,1747683667
1747683347,1747683669
1747683345,1747683547
1747683347,1747683671
1747683345,1747683504
1747683347,1747683684
1747683344,1747683448
1747683344,1747683397
1747683344,1747683423
1747683344,1747683404
1747683344,1747683399
1747683344,1747683425
1747683344,1747683395
1747683344,1747683424
1747683344,1747683401
1747683344,1747683362
1747683344,1747683418
1747683346,1747683613
1747683344,1747683361
1747683344,1747683423
1747683346,1747683643
1747683346,1747683595
1747683345,1747683497
1747683345,1747683497
1747683345,1747683499
1747683345,1747683511
1747683346,1747683653
1747683346,1747683659
1747683345,1747683518
1747683346,1747683661
1747683346,1747683644
1747683347,1747683695
1747683344,1747683363
1747683347,1747683679
1747683347,1747683694
1747683347,1747683691
1747683347,1747683693
1747683347,1747683690
1747683345,1747683503
1747683347,1747683679
1747683344,1747683459
1747683346,1747683661
1747683345,1747683513
1747683344,1747683489
1747683347,1747683701
1747683344,1747683405
1747683344,1747683416
1747683344,1747683404
1747683344,1747683447
1747683346,1747683633
1747683344,1747683396
1747683344,1747683461
1747683346,1747683667
1747683344,1747683472
1747683345,1747683488
1747683345,1747683521
1747683344,1747683425
1747683345,1747683538
1747683345,1747683520
1747683346,1747683633
1747683346,1747683664
1747683344,1747683472
1747683344,1747683483
1747683346,1747683628
1747683345,1747683520
1747683344,1747683474
1747683344,1747683473
1747683344,1747683478
1747683345,1747683501
1747683345,1747683518
1747683344,1747683472
1747683345,1747683527
1747683345,1747683496
1747683346,1747683567
1747683346,1747683587
1747683344,1747683473
1747683345,1747683499
1747683345,1747683545
1747683345,1747683546
1747683345,1747683563
1747683345,1747683515
1747683344,1747683362
1747683344,1747683370
1747683344,1747683397
1747683344,1747683370
1747683344,1747683376
1747683344,1747683403
1747683344,1747683421
1747683344,1747683404
1747683344,1747683369
1747683345,1747683557
1747683345,1747683500
1747683344,1747683428
1747683344,1747683447
1747683344,1747683441
1747683344,1747683467
1747683344,1747683468
1747683344,1747683368
1747683344,1747683469
1747683344,1747683472
1747683344,1747683427
1747683344,1747683423
1747683346,1747683639
1747683345,1747683513
1747683345,1747683540
1747683347,1747683684
1747683344,1747683445
1747683347,1747683684
1747683344,1747683442
1747683344,1747683453
1747683344,1747683465
1747683347,1747683687
1747683344,1747683466
1747683344,1747683467
1747683347,1747683691
1747683347,1747683694
1747683345,1747683527
1747683347,1747683693
1747683347,1747683698
1747683344,1747683426
1747683347,1747683705
1747683344,1747683470
1747683347,1747683696
1747683347,1747683705
1747683347,1747683717
1747683344,1747683444
1747683344,1747683366
1747683344,1747683422
1747683345,1747683508
1747683344,1747683426
1747683344,1747683438
1747683344,1747683362
1747683344,1747683365
1747683344,1747683372
1747683344,1747683374
1747683344,1747683441
1747683344,1747683444
1747683344,1747683370
1747683344,1747683440
1747683344,1747683400
1747683344,1747683374
1747683344,1747683427
1747683346,1747683647
1747683346,1747683570
1747683346,1747683568
1747683346,1747683572
1747683346,1747683585
1747683346,1747683586
1747683346,1747683598
1747683346,1747683605
1747683346,1747683629
1747683346,1747683630
1747683344,1747683400
1747683346,1747683630
1747683346,1747683629
1747683346,1747683568
1747683346,1747683571
1747683346,1747683585
1747683346,1747683583
1747683346,1747683592
1747683344,1747683396
1747683345,1747683555
1747683346,1747683646
1747683344,1747683371
1747683346,1747683651
1747683346,1747683601
1747683345,1747683524
1747683346,1747683570
1747683346,1747683573
1747683346,1747683595
1747683346,1747683603
1747683346,1747683636
1747683346,1747683637
1747683346,1747683575
1747683344,1747683427
1747683346,1747683637
1747683346,1747683600
1747683346,1747683605
1747683346,1747683614
1747683346,1747683613
1747683346,1747683616
1747683346,1747683658
1747683346,1747683605
1747683346,1747683612
1747683346,1747683652
1747683344,1747683433
1747683345,1747683564
1747683346,1747683598
1747683346,1747683661
1747683351,1747684069
1747683344,1747683442
1747683345,1747683549
1747683346,1747683644
1747683346,1747683639
1747683346,1747683571
1747683346,1747683582
1747683344,1747683400
1747683344,1747683373
1747683346,1747683608
1747683346,1747683617
1747683346,1747683640
1747683346,1747683642
1747683346,1747683650
1747683346,1747683580
1747683346,1747683594
1747683346,1747683595
1747683346,1747683636
1747683346,1747683653
1747683344,1747683399
1747683346,1747683656
1747683344,1747683370
1747683344,1747683422
1747683344,1747683402
1747683344,1747683422
1747683344,1747683425
1747683344,1747683364
1747683344,1747683362
1747683344,1747683461
1747683344,1747683448
1747683344,1747683363
1747683344,1747683460
1747683345,1747683523
1747683346,1747683662
1747683345,1747683503
1747683345,1747683524
1747683346,1747683577
1747683345,1747683519
1747683345,1747683560
1747683345,1747683561
1747683345,1747683556
1747683344,1747683402
1747683345,1747683564
1747683345,1747683568
1747683346,1747683599
1747683344,1747683434
1747683347,1747683692
1747683347,1747683691
1747683347,1747683691
1747683347,1747683685
1747683344,1747683496
1747683345,1747683492
1747683344,1747683400
1747683345,1747683525
1747683345,1747683503
1747683346,1747683585
1747683346,1747683585
1747683346,1747683619
1747683346,1747683621
1747683346,1747683626
1747683346,1747683629
1747683346,1747683638
1747683346,1747683565
1747683344,1747683421
1747683346,1747683577
1747683346,1747683581
1747683346,1747683586
1747683346,1747683582
1747683346,1747683594
1747683346,1747683599
1747683346,1747683585
1747683346,1747683597
1747683344,1747683491
1747683345,1747683522
1747683344,1747683375
1747683345,1747683539
1747683345,1747683545
1747683345,1747683535
1747683345,1747683545
1747683345,1747683547
1747683345,1747683542
1747683345,1747683545
1747683345,1747683562
1747683345,1747683531
1747683345,1747683531
1747683344,1747683443
1747683345,1747683535
1747683345,1747683540
1747683344,1747683447
1747683344,1747683443
1747683344,1747683445
1747683344,1747683457
1747683344,1747683468
1747683344,1747683467
1747683344,1747683466
1747683345,1747683566
1747683344,1747683398
1747683346,1747683661
1747683346,1747683598
1747683347,1747683662
1747683347,1747683665
1747683345,1747683547
1747683347,1747683664
1747683345,1747683563
1747683345,1747683551
1747683347,1747683664
1747683347,1747683665
1747683344,1747683427
1747683347,1747683677
1747683345,1747683519
1747683347,1747683671
1747683347,1747683675
1747683347,1747683681
1747683344,1747683403
1747683347,1747683673
1747683347,1747683677
1747683347,1747683694
1747683344,1747683470
1747683344,1747683395
1747683344,1747683426
1747683344,1747683406
1747683347,1747683695
1747683347,1747683709
1747683347,1747683695
1747683347,1747683713
1747683347,1747683701
1747683347,1747683702
1747683347,1747683705
1747683347,1747683695
1747683347,1747683706
1747683344,1747683400
1747683347,1747683709
1747683347,1747683712
1747683347,1747683701
1747683347,1747683718
1747683347,1747683697
1747683347,1747683708
1747683347,1747683710
1747683347,1747683710
1747683347,1747683712
1747683347,1747683718
1747683344,1747683418
1747683347,1747683717
1747683347,1747683720
1747683347,1747683719
1747683347,1747683723
1747683349,1747683840
1747683347,1747683736
1747683347,1747683710
1747683347,1747683715
1747683347,1747683719
1747683347,1747683713
1747683344,1747683426
1747683347,1747683720
1747683347,1747683725
1747683347,1747683728
1747683347,1747683728
1747683347,1747683730
1747683348,1747683820
1747683349,1747683842
1747683349,1747683846
1747683348,1747683773
1747683348,1747683801
1747683344,1747683441
1747683348,1747683826
1747683348,1747683775
1747683348,1747683780
1747683348,1747683829
1747683348,1747683774
1747683348,1747683781
1747683348,1747683783
1747683349,1747683887
1747683350,1747684007
1747683348,1747683802
1747683344,1747683442
1747683349,1747683896
1747683347,1747683737
1747683348,1747683747
1747683348,1747683743
1747683348,1747683750
1747683348,1747683750
1747683348,1747683751
1747683347,1747683716
1747683347,1747683714
1747683347,1747683714
1747683344,1747683364
1747683347,1747683716
1747683347,1747683727
1747683347,1747683717
1747683347,1747683726
1747683347,1747683725
1747683347,1747683724
1747683347,1747683730
1747683347,1747683731
1747683347,1747683730
1747683347,1747683729
1747683344,1747683447
1747683349,1747683861
1747683348,1747683750
1747683348,1747683792
1747683348,1747683798
1747683350,1747684011
1747683348,1747683793
1747683348,1747683789
1747683348,1747683750
1747683348,1747683753
1747683350,1747683964
1747683344,1747683374
1747683348,1747683805
1747683348,1747683802
1747683350,1747683963
1747683348,1747683811
1747683348,1747683803
1747683349,1747683884
1747683349,1747683864
1747683349,1747683902
1747683349,1747683898
1747683349,1747683920
1747683344,1747683440
1747683350,1747683939
1747683353,1747684240
1747683350,1747683952
1747683354,1747684251
1747683351,1747684095
1747683352,1747684170
1747683352,1747684167
1747683349,1747683913
1747683348,1747683823
1747683348,1747683782
1747683344,1747683422
1747683344,1747683423
1747683348,1747683777
1747683348,1747683825
1747683348,1747683782
1747683348,1747683783
1747683349,1747683834
1747683349,1747683844
1747683349,1747683846
1747683348,1747683799
1747683348,1747683798
1747683349,1747683886
1747683344,1747683370
1747683349,1747683880
1747683347,1747683714
1747683348,1747683793
1747683348,1747683790
1747683350,1747683956
1747683348,1747683792
1747683350,1747683989
1747683354,1747684229
1747683353,1747684229
1747683349,1747683892
1747683344,1747683371
1747683349,1747683838
1747683348,1747683788
1747683349,1747683868
1747683348,1747683791
1747683347,1747683737
1747683348,1747683740
1747683348,1747683739
1747683348,1747683744
1747683348,1747683742
1747683348,1747683739
1747683344,1747683362
1747683348,1747683745
1747683348,1747683800
1747683348,1747683806
1747683349,1747683857
1747683349,1747683862
1747683348,1747683810
1747683347,1747683734
1747683349,1747683871
1747683348,1747683788
1747683350,1747684027
1747683344,1747683424
1747683349,1747683906
1747683349,1747683896
1747683349,1747683898
1747683349,1747683906
1747683351,1747684042
1747683349,1747683910
1747683349,1747683915
1747683349,1747683914
1747683350,1747684017
1747683354,1747684260
1747683344,1747683465
1747683349,1747683912
1747683350,1747684029
1747683351,1747684075
1747683351,1747684096
1747683351,1747684097
1747683351,1747684110
1747683351,1747684102
1747683347,1747683733
1747683347,1747683734
1747683347,1747683734
1747683344,1747683489
1747683347,1747683733
1747683347,1747683737
1747683347,1747683732
1747683349,1747683851
1747683350,1747684023
1747683350,1747684044
1747683350,1747684034
1747683350,1747684046
1747683350,1747683969
1747683350,1747683979
1747683345,1747683489
1747683350,1747683978
1747683350,1747683981
1747683350,1747683980
1747683350,1747683977
1747683350,1747683994
1747683350,1747683997
1747683350,1747683996
1747683350,1747683990
1747683350,1747683999
1747683350,1747684001
1747683345,1747683498
1747683347,1747683740
1747683347,1747683737
1747683349,1747683908
1747683351,1747684095
1747683349,1747683923
1747683351,1747684084
1747683349,1747683915
1747683349,1747683920
1747683354,1747684256
1747683352,1747684123
1747683344,1747683450
1747683352,1747684123
1747683352,1747684125
1747683352,1747684141
1747683352,1747684139
1747683351,1747684049
1747683351,1747684068
1747683351,1747684051
1747683351,1747684036
1747683351,1747684029
1747683351,1747684064
1747683344,1747683406
1747683344,1747683480
1747683352,1747684128
1747683349,1747683892
1747683347,1747683736
1747683349,1747683890
1747683349,1747683916
1747683349,1747683919
1747683350,1747684018
1747683350,1747683977
1747683351,1747684058
1747683350,1747683987
1747683344,1747683473
1747683351,1747684062
1747683354,1747684238
1747683351,1747684091
1747683351,1747684063
1747683352,1747684147
1747683352,1747684158
1747683352,1747684155
1747683351,1747684081
1747683352,1747684169
1747683352,1747684164
1747683344,1747683481
1747683347,1747683740
1747683350,1747684005
1747683350,1747684010
1747683350,1747684026
1747683350,1747684007
1747683351,1747684091
1747683349,1747683926
1747683351,1747684073
1747683350,1747684014
1747683349,1747683927
1747683345,1747683519
1747683350,1747684008
1747683349,1747683921
1747683350,1747683945
1747683351,1747684086
1747683349,1747683937
1747683350,1747683934
1747683350,1747683984
1747683352,1747684214
1747683348,1747683796
1747683348,1747683796
1747683345,1747683525
1747683348,1747683796
1747683350,1747684012
1747683349,1747683862
1747683349,1747683858
1747683349,1747683859
1747683349,1747683862
1747683349,1747683865
1747683349,1747683923
1747683350,1747683993
1747683350,1747683950
1747683345,1747683544
1747683350,1747683994
1747683350,1747684025
1747683350,1747684025
1747683350,1747684017
1747683349,1747683855
1747683349,1747683863
1747683349,1747683861
1747683349,1747683858
1747683350,1747683975
1747683350,1747684018
1747683345,1747683568
1747683350,1747684034
1747683348,1747683803
1747683350,1747683981
1747683350,1747683982
1747683350,1747683989
1747683350,1747684023
1747683350,1747684009
1747683350,1747684004
1747683350,1747683998
1747683350,1747683981
1747683345,1747683500
1747683350,1747684040
1747683349,1747683907
1747683349,1747683922
1747683349,1747683934
1747683350,1747683941
1747683351,1747684071
1747683350,1747684025
1747683350,1747683928
1747683351,1747684078
1747683351,1747684060
1747683345,1747683526
1747683349,1747683871
1747683351,1747684098
1747683351,1747684096
1747683351,1747684062
1747683351,1747684050
1747683349,1747683920
1747683351,1747684071
1747683350,1747683937
1747683354,1747684266
1747683350,1747683948
1747683345,1747683529
1747683350,1747683959
1747683349,1747683851
1747683352,1747684146
1747683352,1747684145
1747683352,1747684145
1747683352,1747684157
1747683351,1747684053
1747683350,1747683955
1747683350,1747683968
1747683350,1747683990
1747683344,1747683400
1747683345,1747683499
1747683351,1747684049
1747683354,1747684252
1747683351,1747684047
1747683352,1747684152
1747683352,1747684158
1747683354,1747684222
1747683350,1747683949
1747683350,1747683957
1747683349,1747683907
1747683349,1747683912
1747683345,1747683553
1747683351,1747684086
1747683349,1747683845
1747683350,1747683956
1747683350,1747683957
1747683350,1747683964
1747683350,1747683969
1747683350,1747684010
1747683350,1747684036
1747683351,1747684099
1747683351,1747684103
1747683345,1747683502
1747683351,1747684071
1747683350,1747683996
1747683350,1747683981
1747683349,1747683869
1747683351,1747684097
1747683351,1747684088
1747683351,1747684094
1747683352,1747684124
1747683351,1747684064
1747683352,1747684121
1747683345,1747683528
1747683352,1747684161
1747683351,1747684087
1747683352,1747684164
1747683351,1747684075
1747683351,1747684051
1747683351,1747684102
1747683351,1747684104
1747683351,1747684105
1747683351,1747684083
1747683351,1747684113
1747683345,1747683542
1747683351,1747684104
1747683351,1747684110
1747683351,1747684057
1747683351,1747684073
1747683351,1747684104
1747683351,1747684102
1747683351,1747684117
1747683351,1747684108
1747683351,1747684112
1747683351,1747684053
1747683345,1747683503
1747683351,1747684120
1747683352,1747684126
1747683351,1747684112
1747683351,1747684125
1747683351,1747684068
1747683351,1747684088
1747683351,1747684064
1747683351,1747684081
1747683352,1747684132
1747683352,1747684123
1747683345,1747683549
1747683352,1747684177
1747683350,1747684015
1747683348,1747683801
1747683348,1747683816
1747683349,1747683847
1747683349,1747683854
1747683349,1747683845
1747683352,1747684136
1747683352,1747684136
1747683351,1747684072
1747683345,1747683517
1747683351,1747684084
1747683350,1747684003
1747683351,1747684057
1747683350,1747684040
1747683351,1747684067
1747683352,1747684160
1747683352,1747684162
1747683352,1747684165
1747683352,1747684173
1747683349,1747683847
1747683345,1747683544
1747683351,1747684048
1747683350,1747684040
1747683350,1747684042
1747683350,1747684039
1747683351,1747684054
1747683351,1747684077
1747683351,1747684064
1747683352,1747684147
1747683352,1747684164
1747683352,1747684160
1747683345,1747683541
1747683350,1747683984
1747683350,1747684038
1747683350,1747684036
1747683349,1747683896
1747683349,1747683907
1747683349,1747683910
1747683349,1747683915
1747683349,1747683914
1747683351,1747684047
1747683349,1747683869
1747683344,1747683441
1747683345,1747683531
1747683354,1747684234
1747683351,1747684122
1747683352,1747684144
1747683352,1747684136
1747683350,1747684006
1747683348,1747683754
1747683348,1747683752
1747683348,1747683752
1747683348,1747683756
1747683348,1747683753
1747683345,1747683538
1747683348,1747683756
1747683348,1747683753
1747683348,1747683758
1747683348,1747683754
1747683348,1747683753
1747683348,1747683760
1747683348,1747683758
1747683348,1747683760
1747683348,1747683760
1747683348,1747683759
1747683345,1747683528
1747683348,1747683756
1747683348,1747683764
1747683348,1747683764
1747683348,1747683764
1747683348,1747683766
1747683348,1747683765
1747683348,1747683768
1747683348,1747683766
1747683348,1747683770
1747683348,1747683774
1747683345,1747683533
1747683348,1747683804
1747683348,1747683771
1747683348,1747683775
1747683348,1747683779
1747683348,1747683826
1747683348,1747683779
1747683348,1747683780
1747683348,1747683827
1747683348,1747683824
1747683348,1747683833
1747683344,1747683421
1747683348,1747683780
1747683348,1747683827
1747683349,1747683832
1747683348,1747683779
1747683348,1747683791
1747683348,1747683786
1747683348,1747683790
1747683349,1747683840
1747683349,1747683848
1747683349,1747683882
1747683344,1747683425
1747683350,1747683952
1747683349,1747683896
1747683349,1747683904
1747683350,1747683928
1747683350,1747684009
1747683350,1747684022
1747683350,1747683964
1747683350,1747683998
1747683351,1747684057
1747683351,1747684080
1747683344,1747683394
1747683351,1747684077
1747683351,1747684069
1747683351,1747684091
1747683351,1747684089
1747683351,1747684087
1747683351,1747684090
1747683350,1747683965
1747683352,1747684187
1747683352,1747684186
1747683354,1747684265
1747683344,1747683437
1747683353,1747684205
1747683353,1747684217
1747683353,1747684211
1747683354,1747684238
1747683352,1747684192
1747683353,1747684226
1747683353,1747684216
1747683353,1747684213
1747683353,1747684262
1747683354,1747684261
1747683344,1747683422
1747683352,1747684210
1747683352,1747684206
1747683352,1747684210
1747683352,1747684210
1747683354,1747684249
1747683353,1747684214
1747683352,1747684212
1747683352,1747684210
1747683354,1747684250
1747683354,1747684244
1747683344,1747683448
1747683353,1747684224
1747683351,1747684113
1747683351,1747684116
1747683351,1747684118
1747683351,1747684118
1747683351,1747684107
1747683351,1747684112
1747683351,1747684115
1747683351,1747684115
1747683351,1747684122
1747683344,1747683374
1747683344,1747683442
1747683351,1747684117
1747683352,1747684180
1747683352,1747684175
1747683352,1747684179
1747683352,1747684175
1747683352,1747684179
1747683352,1747684178
1747683352,1747684179
1747683354,1747684231
1747683354,1747684236
1747683344,1747683454
1747683353,1747684213
1747683353,1747684223
1747683353,1747684227
1747683354,1747684237
1747683353,1747684250
1747683354,1747684217
1747683354,1747684227
1747683352,1747684179
1747683354,1747684265
1747683352,1747684149
1747683344,1747683468
1747683354,1747684265
1747683352,1747684180
1747683354,1747684266
1747683354,1747684259
1747683352,1747684182
1747683354,1747684261
1747683352,1747684184
1747683352,1747684185
1747683354,1747684261
1747683354,1747684254
1747683344,1747683466
1747683354,1747684241
1747683354,1747684242
1747683352,1747684199
1747683353,1747684262
1747683352,1747684196
1747683352,1747684202
1747683352,1747684204
1747683352,1747684188
1747683352,1747684187
1747683354,1747684261
1747683344,1747683471
1747683352,1747684190
1747683354,1747684264
1747683353,1747684247
1747683354,1747684252
1747683353,1747684224
1747683352,1747684201
1747683354,1747684266
1747683354,1747684223
1747683352,1747684209
1747683352,1747684208
1747683344,1747683468
1747683353,1747684222
1747683354,1747684218
1747683354,1747684266
1747683354,1747684239
1747683352,1747684193
1747683352,1747684187
1747683352,1747684204
1747683354,1747684247
1747683352,1747684198
1747683352,1747684196
1747683344,1747683476
1747683352,1747684205
1747683353,1747684231
1747683354,1747684250
1747683354,1747684250
1747683354,1747684259
1747683354,1747684255
1747683354,1747684267
1747683354,1747684256
1747683354,1747684264
1747683354,1747684217
1747683344,1747683488
1747683354,1747684242
1747683354,1747684237
1747683354,1747684251
1747683354,1747684264
1747683354,1747684246
1747683354,1747684265
1747683354,1747684260
1747683354,1747684240
1747683349,1747683894
1747683349,1747683871
1747683345,1747683498
1747683349,1747683869
1747683349,1747683877
1747683349,1747683876
1747683349,1747683875
1747683349,1747683874
1747683349,1747683875
1747683349,1747683881
1747683349,1747683876
1747683349,1747683878
1747683349,1747683878
1747683345,1747683542
1747683349,1747683880
1747683349,1747683881
1747683349,1747683886
1747683349,1747683882
1747683349,1747683886
1747683349,1747683883
1747683349,1747683886
1747683349,1747683889
1747683349,1747683902
1747683349,1747683906
